 <Ui xmlns="http://www.blizzard.com/wow/ui/" xmlns:xsi="http://www.w3.org/2001/XMLSchema-instance" xsi:schemaLocation="http://www.blizzard.com/wow/ui/">
 <Script file="AbarClassic.lua"/>
 <Frame name="abar_core">
	<Scripts>
		<OnLoad>
			self:RegisterEvent("COMBAT_LOG_EVENT")
			self:RegisterEvent("PLAYER_LEAVE_COMBAT")
			self:RegisterEvent("VARIABLES_LOADED")
			
		</OnLoad> 
	<OnEvent>
		Abar_OnEvent (event, CombatLogGetCurrentEventInfo());
	</OnEvent>
  </Scripts>
  </Frame>
	<Frame name="Abar_Frame" toplevel="true" enableMouse="true" movable = "true" parent="UIParent" hidden="true">
		<Size>
			<AbsDimension x="206" y="52"/>
		</Size>
		<Anchors>
			<Anchor point="TOP">
				<Offset>
					<AbsDimension x="0" y="-125"/>
				</Offset>
			</Anchor>
		</Anchors>
		<Backdrop name="Abar_Backdrop" bgFile="Interface\TutorialFrame\TutorialFrameBackground" edgeFile="Interface\Tooltips\UI-Tooltip-Border" tile="true">
			<EdgeSize>
				<AbsValue val="16"/>
			</EdgeSize>
			<BackgroundInsets>
				<AbsInset left="5" right="5" top="5" bottom="5"/>
			</BackgroundInsets>
		</Backdrop>
		<Layers>
			<Layer level="ARTWORK">
				<FontString name="Abar_Text" inherits="GameFontNormal" text="attackbar anchor">
					<Anchors>
						<Anchor point="TOP"> 
							<Offset>
								<AbsDimension x="0" y="-5"/>
							</Offset>
						</Anchor>
					</Anchors>
				</FontString>
				
			</Layer>
		</Layers>
		<Scripts>
			<OnLoad>
				self:RegisterForDrag("LeftButton");
			</OnLoad>
  			<OnDragStart>self:StartMoving();</OnDragStart>
  			<OnDragStop>self:StopMovingOrSizing();</OnDragStop>
		</Scripts>
		
		
	</Frame>
<GameTooltip name="Abar_Tooltip" hidden="true" inherits="GameTooltipTemplate">
	<Scripts>
     <Onload>
       self:SetOwner(abar_core, "ANCHOR_NONE");
     </Onload>
	</Scripts>
</GameTooltip>

  <StatusBar name="AbarBar" hidden="true" drawLayer="BORDER" parent="UIParent" virtual="true" toplevel="true">
		<Size>
			<AbsDimension x="195" y="13"/>
		</Size>
		<Anchors>
			<Anchor point="CENTER">
				<Offset>
					<AbsDimension x="0" y="0"/>
				</Offset>
			</Anchor>
		</Anchors>
		<Layers>
			<Layer level="BACKGROUND">
				<Texture setAllPoints="true">
					<Color r="0" g="0" b="0" a=".5"/>
				</Texture>		
			</Layer>
			<Layer level="ARTWORK">
				<FontString name="$parentText" inherits="GameFontHighlight">
					<Size>
						<AbsDimension x="185" y="16"/>
					</Size>
					<Anchors>
						<Anchor point="TOP">
							<Offset>
								<AbsDimension x="0" y="4"/>
							</Offset>
						</Anchor>
					</Anchors>
				</FontString>
				<FontString name="$parentTmr" inherits="GameFontHighlight">
					<Size>
						<AbsDimension x="185" y="16"/>
					</Size>
					<Anchors>
						<Anchor point="TOP">
							<Offset>
								<AbsDimension x="80" y="4"/>
							</Offset>
						</Anchor>
					</Anchors>
				</FontString>
				<Texture name="$parentBorder" file="Interface\CastingBar\UI-CastingBar-Border">
					<Size>
						<AbsDimension x="256" y="64"/>
					</Size>
					<Anchors>
						<Anchor point="TOP">
							<Offset>
								<AbsDimension x="0" y="28"/>
							</Offset>
						</Anchor>
					</Anchors>
				</Texture>
			</Layer>
			<Layer level="OVERLAY">
				<Texture name="$parentSpark" file="Interface\CastingBar\UI-CastingBar-Spark" alphaMode="ADD">
					<Size>
						<AbsDimension x="32" y="32"/>
					</Size>
					<Anchors>
						<Anchor point="CENTER"/>
					</Anchors>
				</Texture>
			</Layer>
		</Layers>
		<Scripts>
			<OnUpdate>
				Abar_Update(self)
			</OnUpdate>
		</Scripts>
		<BarTexture file="Interface\TargetingFrame\UI-StatusBar"/>
		<BarColor r="0" g="0" b="1.0"/>
  </StatusBar>  
<StatusBar name="Abar_Mhr" inherits="AbarBar" parent="UIParent"/>
<StatusBar name="Abar_Oh" inherits="AbarBar" parent="UIParent"/>
	<Frame name="ebar_Frame" toplevel="true" enableMouse="true" movable = "true" parent="UIParent" hidden="true">
		<Size>
			<AbsDimension x="206" y="52"/>
		</Size>
		<Anchors>
			<Anchor point="TOP">
				<Offset>
					<AbsDimension x="0" y="-125"/>
				</Offset>
			</Anchor>
		</Anchors>
		<Backdrop name="ebar_Backdrop" bgFile="Interface\TutorialFrame\TutorialFrameBackground" edgeFile="Interface\Tooltips\UI-Tooltip-Border" tile="true">
			<EdgeSize>
				<AbsValue val="16"/>
			</EdgeSize>
			<BackgroundInsets>
				<AbsInset left="5" right="5" top="5" bottom="5"/>
			</BackgroundInsets>
		</Backdrop>
		<Layers>
			<Layer level="ARTWORK">
				<FontString name="Abar_Text" inherits="GameFontNormal" text="enemybar anchor">
					<Anchors>
						<Anchor point="TOP"> 
							<Offset>
								<AbsDimension x="0" y="-5"/>
							</Offset>
						</Anchor>
					</Anchors>
				</FontString>
				
			</Layer>
		</Layers>
		<Scripts>
			<OnLoad>
				self:RegisterForDrag("LeftButton");
			</OnLoad>
  			<OnDragStart>self:StartMoving();</OnDragStart>
  			<OnDragStop>self:StopMovingOrSizing();</OnDragStop>
		</Scripts>
	</Frame>

<StatusBar name="ebar_mh" inherits="AbarBar" parent="UIParent"/>
<StatusBar name="ebar_oh" inherits="AbarBar" parent="UIParent"/>
  </Ui>